id,country,city,date,lattitude,longitude,max_temp,wind_speed,humidity,cloudiness
2508813,DZ,Adrar,1556931600,27.87,-0.29,73.4,4.7,16,0
262462,GR,Saint George,1556931000,39.45,22.34,48.2,2.46,76,75
3418910,GL,Upernavik,1556935736,72.79,-56.15,26.56,13.29,88,46
2126123,RU,Chokurdakh,1556936046,70.62,147.9,30.76,6.42,94,92
4020109,PF,Atuona,1556935735,-9.8,-139.03,83.61,17.11,79,0
1282256,MV,Hithadhoo,1556935799,-0.6,73.08,84.72,8.19,78,99
3448903,BR,Sao Joao da Barra,1556936050,-21.64,-41.05,72.37,3.36,97,77
986717,ZA,Kruisfontein,1556935820,-34.0,24.73,53.67,8.37,86,82
5960603,CA,Geraldton,1556931600,49.72,-86.95,42.8,3.36,56,75
2126199,RU,Cherskiy,1556935907,68.75,161.3,33.12,3.27,99,66
2640377,GB,Penzance,1556935987,50.12,-5.53,51.01,8.05,81,100
3616253,NI,Siuna,1556936057,13.73,-84.78,70.41,2.17,98,62
3863379,AR,Mar del Plata,1556936058,-46.43,-67.52,40.8,14.25,63,87
2337181,NG,Iseyin,1556936060,7.97,3.6,77.4,4.85,88,100
1865309,JP,Katsuura,1556935104,33.93,134.5,71.6,11.41,60,20
3421765,GL,Nanortalik,1556936063,60.14,-45.24,40.51,4.12,65,5
546105,RU,Nikolskoye,1556935361,59.7,30.79,36.0,8.95,59,75
2517679,ES,Fortuna,1556936031,38.18,-1.13,57.2,5.82,71,0
3369157,ZA,Cape Town,1556935865,-33.93,18.42,59.0,4.7,93,0
3397893,BR,Sao Sebastiao,1556936069,-3.15,-58.36,75.27,1.57,97,84
1651810,TL,Airai,1556936070,-8.93,125.41,89.51,1.23,55,100
2015306,RU,Tiksi,1556935957,71.64,128.87,17.92,16.55,78,0
2156643,AU,Mount Gambier,1556931600,-37.83,140.78,53.6,13.87,71,90
5106834,US,Albany,1556935599,42.65,-73.75,57.2,3.36,100,90
1176048,PK,Jati,1556936076,24.35,68.27,87.85,10.42,40,0
336526,ET,Gidole,1556936077,5.65,37.37,68.56,2.84,79,94
2065594,AU,Mount Isa,1556933400,-20.73,139.49,75.2,14.99,47,0
4030556,PF,Rikitea,1556935772,-23.12,-134.97,77.25,16.8,74,72
5848280,US,Kapaa,1556935696,22.08,-159.32,82.4,18.34,65,90
3394023,BR,Natal,1556931600,-5.81,-35.21,77.0,4.7,83,20
1015776,ZA,Bredasdorp,1556935414,-34.53,20.04,55.0,5.82,81,73
2012530,RU,Zhigansk,1556935924,66.77,123.37,30.63,11.18,92,1
3833367,AR,Ushuaia,1556931600,-54.81,-68.31,35.6,6.93,69,0
6089245,CA,Norman Wells,1556931600,65.28,-126.83,24.8,4.7,49,40
1006984,ZA,East London,1556935546,-33.02,27.91,57.58,9.8,73,51
1045114,MZ,Inhambane,1556935494,-23.87,35.38,63.43,4.97,96,0
2396518,GA,Port-Gentil,1556936035,-0.72,8.78,81.43,9.06,87,100
5983720,CA,Iqaluit,1556935364,63.75,-68.52,17.6,18.34,92,20
110690,SA,Faya,1556931600,18.39,42.45,71.6,3.36,28,40
2075265,AU,Busselton,1556935430,-33.64,115.35,70.0,23.85,51,6
3489440,JM,Morant Bay,1556931600,17.88,-76.41,82.4,18.34,58,20
3416888,IS,Grindavik,1556935200,63.84,-22.43,41.0,11.41,93,75
2092164,PG,Lorengau,1556935836,-2.02,147.27,78.57,9.62,90,100
3649017,VE,Araure,1556936100,9.59,-69.23,70.65,2.82,80,100
3443061,UY,Chuy,1556935845,-33.69,-53.46,65.23,4.5,83,0
2234663,CM,Batouri,1556936103,4.44,14.36,70.61,3.53,98,100
4035715,CK,Avarua,1556933400,-21.21,-159.78,80.6,17.22,78,100
2208248,NZ,Kaitangata,1556936106,-46.28,169.85,59.25,4.25,73,100
3652764,EC,Puerto Ayora,1556935229,-0.74,-90.35,78.8,17.22,83,20
344979,ET,Lebu,1556931600,8.96,38.73,59.0,3.36,51,20
5855927,US,Hilo,1556935516,19.71,-155.08,78.01,9.17,73,90
1273574,IN,Vaini,1556931600,15.34,74.49,66.2,3.36,100,90
2163355,AU,Hobart,1556935695,-42.88,147.33,61.0,14.99,82,75
3469169,BR,Cervo,1556936115,-22.19,-46.24,64.9,4.68,88,100
3896218,CL,Castro,1556931600,-42.48,-73.76,53.6,6.93,100,90
1283285,NP,Jumla,1556936117,29.28,82.18,57.02,3.6,18,0
5847411,US,Kahului,1556935630,20.89,-156.47,80.6,14.99,65,75
3390864,BR,Acari,1556936120,-6.44,-36.64,72.63,12.3,86,31
6144195,CA,Senneterre,1556931600,48.39,-77.24,42.8,4.7,52,40
3440963,UY,Progreso,1556935882,-34.68,-56.22,64.0,18.48,87,0
4149959,US,Cape Canaveral,1556936119,28.41,-80.6,79.0,8.05,83,1
6170031,CA,Tuktoyaktuk,1556931600,69.44,-133.03,24.8,14.99,79,5
3374210,CV,Sao Filipe,1556936127,14.9,-24.5,71.87,15.52,80,2
1067565,MG,Beloha,1556936128,-25.17,45.06,69.39,5.21,68,0
3870243,CL,Taltal,1556936130,-25.41,-70.49,60.76,2.35,78,0
6453395,SE,Halden,1556936128,59.12,11.39,36.0,12.75,57,39
6138908,CA,Saint-Philippe,1556935669,45.36,-73.48,50.0,6.93,100,90
2141305,NC,Fayaoue,1556936134,-20.65,166.53,77.07,21.79,72,9
4034551,PF,Faanui,1556936135,-16.48,-151.75,81.95,18.14,75,75
3576994,TC,Cockburn Town,1556936137,21.46,-71.14,79.34,24.02,79,100
3374083,BB,Bathsheba,1556931600,13.22,-59.52,80.6,21.92,74,40
1858301,JP,Kurayoshi,1556935996,35.43,133.83,75.0,10.29,82,0
5118226,US,Garden City,1556935902,40.73,-73.63,55.0,6.93,93,90
3031409,FR,Bouafle,1556936123,48.96,1.9,46.99,4.7,93,75
3421719,GL,Narsaq,1556936143,60.91,-46.05,46.6,5.14,46,99
3366880,ZA,Hermanus,1556935414,-34.42,19.24,57.0,5.01,95,88
6149374,CA,Slave Lake,1556931600,55.28,-114.77,33.8,9.17,47,75
3392657,BR,Pedra,1556936147,-8.5,-36.94,63.55,5.26,98,1
2374583,GW,Bubaque,1556935695,11.28,-15.83,77.94,17.34,67,0
4031637,RU,Lavrentiya,1556936153,65.58,-170.99,28.51,5.17,94,99
1280037,CN,Shache,1556936002,38.42,77.24,64.99,4.12,94,0
2069194,AU,Jamestown,1556935783,-33.21,138.6,62.31,8.21,57,36
3872255,CL,San Felipe,1556936089,-32.75,-70.73,60.01,1.01,51,100
5742974,US,North Bend,1556936137,43.41,-124.22,55.99,19.46,76,1
3833859,AR,Barrow,1556935812,-38.31,-60.23,49.41,6.49,75,0
1501377,RU,Kungurtug,1556936162,50.6,97.53,43.92,3.87,41,25
117392,IR,Mitu,1556936163,36.2,46.09,54.18,7.81,56,100
4031742,RU,Egvekinot,1556936164,66.32,-179.17,27.99,13.94,88,100
2063036,AU,Port Lincoln,1556936166,-34.72,135.86,59.2,5.01,60,90
2445704,NE,Diffa,1556935990,13.32,12.61,85.28,6.33,21,79
3874787,CL,Punta Arenas,1556935389,-53.16,-70.91,30.2,6.93,92,0
2146219,AU,Hervey Bay,1556935508,-25.3,152.85,75.0,8.05,88,75
3939168,PE,Huarmey,1556936171,-10.07,-78.15,65.98,14.29,92,0
1795424,CN,Huilong,1556936173,28.89,110.18,79.16,2.39,46,1
5991080,CA,Kensington,1556936126,46.44,-63.64,48.2,4.7,57,90
5428504,US,Limon,1556936162,39.26,-103.69,60.8,11.41,21,1
2175403,AU,Bluff,1556936177,-23.58,149.07,70.47,5.5,76,100
1262284,IN,Naduvattam,1556936178,11.47,76.57,70.83,2.66,75,100
5040647,US,Owatonna,1556935875,44.08,-93.23,55.99,5.82,62,90
3026644,FR,Souillac,1556935569,45.6,-0.6,48.0,5.82,100,0
1258269,IN,Razole,1556936182,16.48,81.84,95.13,10.38,44,100
2022572,RU,Khatanga,1556935738,71.98,102.47,19.58,1.61,89,99
5924351,CA,Clyde River,1556934240,70.47,-68.59,21.2,16.11,100,90
2064735,AU,Nhulunbuy,1556933400,-12.18,136.78,84.2,19.46,70,75
3378644,GY,Georgetown,1556931600,6.8,-58.16,77.0,6.93,94,75
4273299,US,Hutchinson,1556936182,38.06,-97.93,60.8,6.93,93,40
520574,RU,Nizhniy Lomov,1556936191,53.53,43.67,47.77,7.16,84,0
6201424,NZ,Mataura,1556935807,-46.19,168.86,66.99,14.0,56,100
2110227,KI,Butaritari,1556935729,3.07,172.79,83.07,16.82,78,100
5880568,US,Bethel,1556932740,60.79,-161.76,44.6,12.75,93,90
4011743,MX,Constitucion,1556935216,23.99,-104.67,77.0,14.99,11,75
2018896,RU,Novopavlovka,1556936198,51.21,109.22,38.75,10.71,29,0
3985710,MX,Cabo San Lucas,1556935527,22.89,-109.91,82.4,12.59,36,40
6185377,CA,Yellowknife,1556935832,62.45,-114.38,30.99,8.05,54,20
1788852,CN,Xining,1556936202,36.62,101.77,52.14,7.9,53,96
3424607,GL,Tasiilaq,1556935700,65.61,-37.64,22.21,2.51,80,56
6071421,CA,Meadow Lake,1556936204,54.13,-108.44,32.43,9.93,81,97
6620339,AU,Karratha,1556936206,-20.74,116.85,92.21,15.1,15,12
6167817,CA,Torbay,1556935716,47.66,-52.73,36.0,16.11,90,90
2206808,NZ,Wairoa,1556935803,-39.04,177.43,71.01,1.01,65,0
2126785,RU,Belaya Gora,1556935853,68.54,146.19,33.08,2.13,93,100
3658195,EC,Feijo,1556931600,-3.63,-79.92,89.6,3.36,78,75
5978404,CA,Humboldt,1556936212,52.21,-105.12,35.26,17.54,52,71
2656067,GB,Broome,1556935875,52.47,1.45,42.01,8.05,100,90
933644,BW,Ghanzi,1556936215,-21.7,21.65,63.12,4.12,28,0
212360,CD,Kongolo,1556936216,-5.39,27.0,70.59,4.41,83,39
2186895,NZ,Methven,1556936201,-43.63,171.65,75.0,3.0,69,100
964432,ZA,Port Alfred,1556935661,-33.59,26.89,63.0,7.0,79,52
3359638,NA,Walvis Bay,1556935328,-22.95,14.51,55.0,1.12,81,0
1788268,CN,Dongsheng,1556936222,29.72,112.52,80.46,5.28,38,100
3471451,BR,Arraial do Cabo,1556931600,-22.97,-42.02,78.8,9.17,83,40
3356213,NA,Khorixas,1556936225,-20.37,14.96,74.14,3.42,34,0
214614,CD,Kamina,1556936226,-8.74,25.0,65.34,4.05,84,26
3347939,AO,Lobito,1556936228,-12.35,13.55,75.63,1.52,88,24
2377457,MR,Nouadhibou,1556931600,20.93,-17.03,64.4,16.11,77,0
1071296,MG,Antalaha,1556936230,-14.9,50.28,66.0,2.62,99,83
2121385,RU,Severo-Kurilsk,1556935498,50.68,156.12,37.4,13.62,77,58
1701054,PH,Marawi,1556936104,8.0,124.29,84.0,7.0,69,9
588365,EE,Vao,1556936234,59.1,26.19,28.98,6.4,79,0
2155415,AU,New Norfolk,1556935756,-42.78,147.06,61.0,14.99,82,75
3373652,BB,Oistins,1556931600,13.07,-59.53,80.6,21.92,74,40
2129868,JP,Iwanai,1556936239,42.97,140.51,59.4,8.5,53,0
1717351,PH,Claveria,1556936104,8.61,124.89,84.0,7.0,69,3
161901,TM,Kaka,1556936242,37.35,59.62,76.55,10.2,24,98
4863349,US,Basco,1556936206,40.33,-91.2,54.0,3.36,87,1
2240449,AO,Luanda,1556935200,-8.83,13.24,78.8,9.17,83,75
2112802,JP,Hasaki,1556935288,35.73,140.83,73.99,11.41,68,40
3391889,BR,Pitimbu,1556931600,-7.47,-34.81,77.0,4.7,88,75
2021188,RU,Kurumkan,1556936249,54.33,110.32,24.87,6.55,54,0
2450173,ML,Taoudenni,1556936251,22.68,-3.98,81.97,9.64,11,78
6065191,CA,Altamont,1556935825,49.4,-98.5,57.2,5.14,26,1
3573197,BM,Hamilton,1556935249,32.3,-64.78,71.6,4.7,78,75
2121909,RU,Poronaysk,1556936257,49.22,143.1,57.81,13.27,42,18
5841207,US,Torrington,1556936232,42.06,-104.18,62.6,4.7,50,1
3372472,PT,Vila Franca do Campo,1556933400,37.72,-25.43,62.6,14.99,93,75
2012349,RU,Krasnyy Chikoy,1556936261,50.36,108.75,36.48,10.11,41,0
2978742,CH,Saint-Louis,1556936260,47.59,7.56,45.0,3.36,100,40
4267710,US,Sitka,1556935274,37.17,-99.65,57.0,8.01,90,6
3573739,TT,Esperance,1556935507,10.24,-61.45,80.01,9.17,78,20
1106677,MU,Bambous Virieux,1556935441,-20.34,57.76,73.4,4.7,88,75
1529484,CN,Hami,1556936268,42.84,93.51,75.74,5.06,12,75
778707,NO,Mehamn,1556936252,71.03,27.85,26.78,3.83,77,100
934322,MU,Mahebourg,1556935441,-20.41,57.7,73.4,4.7,88,75
2267254,PT,Lagoa,1556935302,37.14,-8.45,64.99,6.93,93,0
1047660,MZ,Cuamba,1556936273,-14.8,36.54,62.35,0.81,96,0
3662761,BR,Porto Walter,1556936274,-8.27,-72.74,73.94,2.66,94,100
2160063,AU,Codrington,1556936233,-28.95,153.24,75.2,5.44,83,90
3893629,CL,Coquimbo,1556931600,-29.95,-71.34,57.2,4.7,87,90
5582371,US,Steamboat Springs,1556936100,40.48,-106.83,60.8,5.82,31,1
2126018,RU,De-Kastri,1556936280,51.48,140.77,52.0,3.62,51,100
4013704,MX,Laguna,1556930400,27.52,-110.01,87.8,9.17,14,75
2541479,MA,Nador,1556935200,35.17,-2.93,64.4,2.24,88,75
3354071,ZA,Oranjemund,1556936284,-28.55,16.43,58.95,25.9,81,0
3393692,BR,Itarema,1556936286,-2.92,-39.92,77.65,6.73,87,31
2225940,CM,Yatou,1556936287,3.63,9.81,84.4,5.23,76,100
470905,RU,Vuktyl,1556936289,63.86,57.31,42.76,9.55,97,100
2017155,RU,Saskylakh,1556936290,71.97,114.09,15.44,8.01,94,41
86049,LY,Jalu,1556936291,29.03,21.55,74.8,10.51,22,10
6541759,IT,Mazara del Vallo,1556936194,37.65,12.59,62.01,9.17,82,20
694590,UA,Semenivka,1556936294,52.18,32.58,47.1,2.77,88,100
260895,GR,Karpathos,1556932800,35.51,27.21,59.0,9.17,87,0
1502257,RU,Kozhevnikovo,1556936172,56.26,83.98,50.0,5.01,43,100
2272222,PT,Albufeira,1556936159,37.09,-8.25,64.99,6.93,93,0
2319133,NG,Warri,1556936217,5.52,5.75,81.73,4.21,82,100
1486321,RU,Yar-Sale,1556936301,66.83,70.83,33.44,8.61,99,100
2126710,RU,Beringovskiy,1556935606,63.05,179.32,35.83,7.65,58,14
3831208,GL,Qaanaaq,1556935508,77.48,-69.36,19.24,3.56,86,79
1014034,ZA,Carnarvon,1556936305,-30.97,22.13,52.34,5.17,51,0
2140558,NC,Koumac,1556936307,-20.56,164.28,80.38,7.99,58,0
1487615,RU,Vengerovo,1556936308,55.68,76.74,54.63,14.03,44,90
6316343,BR,Alta Floresta,1556936309,-9.87,-56.08,74.41,2.89,90,94
1623197,ID,Tual,1556936060,-5.67,132.75,79.52,2.77,82,100
1812101,CN,Dongying,1556936312,37.43,118.67,82.06,11.36,13,100
1488903,RU,Turukhansk,1556936314,65.8,87.96,34.45,8.55,99,100
779261,NO,Kjollefjord,1556936315,70.95,27.35,30.27,4.65,67,73
4013724,MX,Camargo,1556936317,27.69,-105.17,81.0,8.68,10,94
2094342,PG,Kavieng,1556936318,-2.57,150.8,82.38,19.13,81,100
2399001,GA,Mayumba,1556936320,-3.44,10.65,80.42,6.64,89,98
4031574,RU,Provideniya,1556936321,64.42,-173.23,30.65,3.87,98,100
1517637,KZ,Ushtobe,1556936323,45.25,77.98,49.96,6.58,46,0
2068110,AU,Kununurra,1556933400,-15.77,128.74,89.6,10.29,52,75
1791673,CN,Weihai,1556936206,37.5,122.11,75.0,1.01,23,95
2093685,PG,Kokopo,1556936327,-4.34,152.27,73.65,2.53,98,100
4308922,US,Somerset,1556936226,37.09,-84.6,68.0,3.2,88,1
1852357,JP,Shimoda,1556936111,34.7,138.93,77.0,10.29,88,75
3655185,EC,Samana,1556936336,0.12,-76.97,69.98,2.19,79,85
779622,NO,Havoysund,1556932800,71.0,24.66,24.8,8.05,85,98
3939761,PE,Hualmay,1556936342,-11.1,-77.61,64.85,14.38,92,0
3137469,NO,Sorland,1556936344,67.67,12.69,38.17,25.75,64,80
4004293,MX,Ixtapa,1556936182,20.71,-105.21,78.8,11.41,78,90
3049033,HU,Labod,1556932500,46.21,17.45,51.8,3.36,100,90
1633419,ID,Padang,1556931600,-0.92,100.36,86.0,4.7,70,20
3981391,MX,Tomatlan,1556936349,19.93,-105.25,77.05,9.55,70,29
155921,TZ,Liwale,1556936351,-9.8,37.92,65.01,5.26,98,67
3395981,BR,Maceio,1556935200,-9.67,-35.74,71.6,3.36,94,0
4372777,US,Vardo,1556936345,39.62,-77.74,66.0,4.7,95,90
1253628,IN,Lata,1556936356,30.78,78.62,30.61,1.52,23,0
6457397,IT,Bose,1556936349,45.46,8.01,53.01,2.24,93,75
728385,BG,Pavlikeni,1556936316,43.24,25.31,52.0,2.24,100,26
5954718,CA,Flin Flon,1556936362,54.77,-101.88,34.45,4.36,67,100
3460087,BR,Jardim,1556936365,-21.48,-56.15,71.44,8.61,97,0
3924948,BR,Ouro Preto do Oeste,1556936368,-10.75,-62.22,73.35,2.19,97,100
553513,RU,Kamennomostskoye,1556933400,43.73,43.05,53.6,4.47,87,96
6112608,CA,Powell River,1556936225,49.84,-124.52,61.0,5.82,58,75
3995236,MX,Mulege,1556936373,26.88,-111.98,73.49,3.85,47,12
5972762,CA,Hay River,1556935200,60.82,-115.79,26.6,6.93,68,75
1810240,CN,Gejiu,1556936376,23.36,103.16,76.98,10.56,50,65
2258378,CG,Loandjili,1556935941,-4.77,11.87,80.46,9.35,92,97
3402648,BR,Carutapera,1556936379,-1.2,-46.02,78.06,5.64,91,31
4407665,US,Kodiak,1556935727,39.95,-94.76,55.0,6.93,37,1
2360286,BF,Gouloure,1556931600,12.23,-1.93,86.0,12.75,51,20
5367788,US,Lompoc,1556936210,34.64,-120.46,64.99,10.29,63,1
1645528,ID,Denpasar,1556933400,-8.65,115.22,86.0,4.7,74,40
2270385,PT,Camacha,1556933400,33.08,-16.33,62.6,8.05,59,75
1714733,PH,Dingle,1556936388,11.0,122.67,91.17,6.29,48,62
3421982,GL,Maniitsoq,1556936390,65.42,-52.9,43.95,9.91,45,53
1637001,ID,Biak,1556936391,-0.91,122.88,73.24,0.74,87,100
4033375,PF,Tevaitoa,1556935814,-16.78,-151.5,81.21,20.58,76,83
1731248,PH,Alugan,1556936394,12.22,125.48,93.79,3.47,46,44
3546791,CU,Moa,1556936397,20.66,-74.95,70.07,3.44,95,100
5882953,CA,Aklavik,1556935200,68.22,-135.01,32.0,9.17,83,5
57000,SO,Hobyo,1556936400,5.35,48.53,83.23,12.64,73,0
2729907,NO,Longyearbyen,1556934600,78.22,15.63,15.8,25.28,66,40
730084,BG,Lukovo,1556935864,42.88,23.39,50.0,3.36,76,0
3899695,CL,Ancud,1556931600,-41.87,-73.83,53.6,6.93,100,90
2077895,AU,Alice Springs,1556933400,-23.7,133.88,68.0,11.41,32,0
6173801,CA,Vermilion,1556935200,53.35,-110.85,37.4,19.46,27,40
2121025,RU,Srednekolymsk,1556936409,67.46,153.71,35.55,5.93,83,55
4501427,US,Port Elizabeth,1556935905,39.31,-74.98,64.4,8.05,100,75
2037820,CN,Dashitou,1556936412,43.3,128.5,75.22,10.71,22,97
3839307,AR,Rawson,1556936414,-43.3,-65.11,44.83,10.22,60,0
2995603,FR,Saint-Pierre,1556935925,48.95,4.24,48.2,3.36,100,90
515873,RU,Oktyabrskiy,1556935281,55.61,37.97,48.2,4.47,76,0
3160100,NO,Beian,1556936404,63.66,9.57,39.2,17.22,80,75
1151063,TH,Pran Buri,1556931600,12.39,99.9,89.6,1.12,59,20
2184707,NZ,Wanaka,1556936424,-44.7,169.14,54.59,10.87,64,100
6165406,CA,Thompson,1556933040,55.74,-97.86,32.0,6.93,82,90
1562414,VN,Vung Tau,1556936428,10.35,107.08,88.45,7.81,66,22
107304,SA,Buraydah,1556931600,26.33,43.97,68.0,3.36,100,40
6693679,IL,Gizo,1556936429,31.8,34.94,60.8,3.36,77,20
3386213,BR,Touros,1556931600,-5.2,-35.46,77.0,4.7,88,20
5921525,CA,Mackay,1556936040,53.65,-115.58,28.4,4.7,86,90
3466165,BR,Cidreira,1556936436,-30.17,-50.22,72.1,4.61,92,49
1257005,IN,Gosainganj,1556933400,26.77,81.11,78.8,8.05,69,75
1026014,MZ,Tete,1556935200,-16.16,33.59,64.4,2.13,100,0
5550368,US,Wasco,1556936437,35.59,-119.34,84.2,9.17,18,1
6113335,CA,Prince Albert,1556933520,53.2,-105.75,33.8,16.11,86,75
2093967,PG,Kimbe,1556936442,-5.56,150.15,74.75,2.08,95,100
1622318,ID,Waingapu,1556936444,-9.65,120.26,83.07,10.07,75,11
1648759,ID,Bima,1556936445,-8.45,118.73,84.92,2.48,71,27
964712,ZA,Plettenberg Bay,1556936253,-34.05,23.37,55.94,5.55,80,80
3664539,BR,Coari,1556936448,-4.09,-63.14,75.4,1.32,93,71
2025256,RU,Chumikan,1556935912,54.72,135.31,40.89,11.7,61,100
1267433,IN,Kattivakkam,1556933616,13.22,80.32,87.8,9.17,74,40
2122605,RU,Okhotsk,1556936452,59.36,143.24,52.43,8.25,34,72
5606187,US,Saint Anthony,1556935837,43.97,-111.68,62.6,12.75,20,1
3848950,AR,La Rioja,1556936218,-29.41,-66.86,60.44,4.74,94,91
922806,CD,Kipushi,1556936456,-11.76,27.24,58.28,4.29,96,14
108410,SA,Riyadh,1556931600,24.63,46.72,69.8,4.7,77,75
2381334,MR,Atar,1556936458,20.52,-13.05,78.42,9.82,17,67
3453439,BR,Ponta do Sol,1556936460,-20.63,-46.0,65.48,2.64,96,100
4218882,US,Rincon,1556936447,32.3,-81.24,75.2,2.86,94,1
1242571,LK,Kadugannawa,1556936462,7.26,80.52,76.82,5.19,83,100
3948642,PE,Matara,1556936464,-13.74,-72.9,34.0,1.79,89,41
2436400,TD,Ati,1556936465,13.21,18.34,91.85,16.24,8,61
6111862,CA,Port Hardy,1556935200,50.7,-127.42,53.6,14.99,66,75
2297505,GH,Navrongo,1556936468,10.89,-1.09,88.84,6.91,49,100
1510502,RU,Belokurikha,1556936469,52.0,84.99,47.01,5.68,40,0
1261853,IN,Narasannapeta,1556936470,18.42,84.04,88.32,8.08,70,100
1808857,CN,Hanzhong,1556936472,33.08,107.03,73.74,2.95,53,1
3840300,AR,Presidencia Roque Saenz Pena,1556936268,-26.79,-60.44,72.64,4.97,95,97
5850554,US,Makakilo City,1556936170,21.35,-158.09,82.4,5.82,69,75
2016910,RU,Severobaykalsk,1556936475,55.65,109.32,24.15,6.24,79,100
2720382,SE,Hede,1556936439,60.45,15.49,28.0,5.82,100,100
4944903,US,Nantucket,1556936236,41.28,-70.1,52.0,5.93,93,90
5955902,CA,Fort Nelson,1556935200,58.81,-122.69,28.4,3.36,74,90
2026657,RU,Birakan,1556936481,49.02,131.7,61.93,9.35,16,82
207570,CD,Mwene-Ditu,1556936482,-7.01,23.45,70.5,3.11,74,27
2128975,JP,Nemuro,1556931600,43.32,145.57,62.6,10.29,45,0
1507390,RU,Dikson,1556935950,73.51,80.55,10.83,6.02,90,0
2635199,GB,Ullapool,1556936421,57.9,-5.16,36.0,19.77,91,24
779554,NO,Honningsvag,1556936487,70.98,25.97,28.99,5.82,70,91
965528,ZA,Phalaborwa,1556935200,-23.95,31.14,64.4,2.24,52,0
286621,OM,Salalah,1556931000,17.01,54.1,82.4,2.24,78,20
1514125,UZ,Dustlik,1556936491,40.53,68.03,59.97,2.66,56,0
3441894,UY,Maldonado,1556931600,-34.91,-54.96,57.2,15.9,93,75
1862505,JP,Hirara,1556931600,24.8,125.28,77.0,17.22,57,20
5851349,US,Nanakuli,1556936471,21.39,-158.15,82.4,5.82,69,75
6320062,BR,Vila Velha,1556936291,-3.71,-38.6,80.6,4.7,83,20
7626384,NO,Hovd,1556936464,63.83,10.7,39.2,17.22,86,75
3397963,BR,Itamaraca,1556935200,-7.75,-34.83,80.6,11.41,74,40
4732862,US,Nome,1556936480,30.04,-94.42,75.99,3.36,88,1
4500920,US,Brigantine,1556936493,39.41,-74.36,57.99,4.7,100,90
2120591,RU,Tilichiki,1556936503,60.47,166.1,41.22,10.92,51,13
5688025,US,Bismarck,1556936165,46.81,-100.78,59.0,9.17,47,1
3457147,BR,Mineiros,1556936258,-17.57,-52.55,69.39,2.86,88,99
3187524,BA,Vlasenica,1556933400,44.18,18.94,46.4,5.82,65,0
2013332,RU,Volno-Nadezhdinskoye,1556933400,43.38,131.99,68.0,2.24,32,0
5961417,CA,Husavik,1556936489,50.56,-96.99,51.01,7.0,75,100
2707399,SE,Hassleholm,1556936397,56.16,13.77,35.01,8.05,89,100
525426,RU,Sobolevo,1556936513,54.43,31.9,35.49,0.78,80,9
3461370,BR,Imbituba,1556931600,-28.24,-48.67,77.0,9.17,88,0
3355672,NA,Luderitz,1556931600,-26.65,15.16,57.2,10.29,87,0
1733782,BN,Victoria,1556933400,5.28,115.24,86.0,1.12,79,75
4792494,US,Waverly,1556936518,37.04,-77.1,77.0,7.0,88,1
3652462,EC,San Cristobal,1556936112,-0.39,-78.55,62.6,10.29,87,20
2108502,SB,Honiara,1556931600,-9.43,159.96,89.6,11.41,75,40
5030005,US,Hibbing,1556936278,47.43,-92.94,42.8,8.05,93,90
549797,RU,Kholm,1556936524,57.15,31.18,30.58,5.66,79,0
4354256,US,Elkridge,1556936451,39.21,-76.71,66.99,5.19,93,1
3932145,PE,Pisco,1556936232,-13.71,-76.2,68.0,11.41,82,0
6167125,CA,Tobermory,1556936243,45.25,-81.67,37.0,5.01,89,93
1689597,PH,San Joaquin,1556936530,10.59,122.14,92.62,5.12,48,40
1259385,IN,Port Blair,1556936491,11.67,92.75,85.71,10.36,76,100
3899539,CL,Antofagasta,1556931600,-23.65,-70.4,64.4,3.36,68,90
471308,RU,Voyvozh,1556936533,62.89,54.96,47.34,7.34,91,100
2189343,NZ,Kaeo,1556936432,-35.1,173.78,70.0,8.48,84,2
2063056,AU,Port Augusta,1556936166,-32.49,137.76,59.0,12.75,87,90
988698,ZA,Knysna,1556935200,-34.04,23.05,57.2,9.17,67,80
2121373,RU,Seymchan,1556936539,62.93,152.39,35.74,2.24,98,53
3437029,PY,San Patricio,1556936540,-26.98,-56.83,73.89,5.55,94,88
3915350,BO,Guayaramerin,1556936542,-10.82,-65.36,74.41,2.68,99,76
2171085,AU,Coffs Harbour,1556936309,-30.3,153.13,68.0,1.12,88,100
6050066,CA,La Ronge,1556935200,55.1,-105.3,33.8,6.93,64,75
2527089,MA,Tiznit,1556936546,29.7,-9.73,62.4,14.16,86,82
3870282,CL,Talcahuano,1556931600,-36.72,-73.12,57.2,9.17,100,40
787487,MK,Poum,1556935200,41.28,20.71,39.2,4.7,86,0
1214488,ID,Meulaboh,1556936552,4.14,96.13,83.32,3.65,77,99
5989403,CA,Kapuskasing,1556935200,49.42,-82.43,37.4,2.24,59,75
212730,CD,Kisangani,1556936555,0.52,25.21,71.74,2.08,89,51
2180815,NZ,Tuatapere,1556936406,-46.13,167.69,66.99,13.0,56,100
2037391,CN,Fengzhen,1556936558,40.43,113.15,63.25,12.62,54,57
2034615,CN,Tahe,1556936559,52.34,124.71,44.35,9.86,21,98
331038,ET,Mendi,1556936560,9.8,35.1,73.63,4.7,39,0
2171722,AU,Charters Towers,1556936562,-20.07,146.27,82.63,11.7,45,89
158179,TZ,Katerero,1556936563,-1.4,31.73,62.2,4.65,96,74
3373329,PT,Arrifes,1556935200,37.77,-25.7,62.6,14.99,93,75
3402721,BR,Carpina,1556935200,-7.85,-35.25,80.6,11.41,74,40
146400,CY,Dromolaxia,1556936152,34.88,33.59,60.8,4.7,82,0
3421193,GL,Paamiut,1556936570,61.99,-49.67,42.8,6.08,57,100
4021858,MX,Guerrero Negro,1556936571,27.97,-114.04,61.23,12.35,88,0
552999,RU,Kapustin Yar,1556936574,48.58,45.77,54.46,8.25,74,82
2063042,AU,Port Hedland,1556933400,-20.31,118.58,87.8,17.22,15,6
6137631,CA,Saint-Prosper,1556936195,46.21,-70.48,46.0,2.17,98,100
4335045,US,Algiers,1556936577,29.94,-90.04,77.0,9.17,88,90
457954,LV,Liepaja,1556934600,56.52,21.02,39.2,6.93,86,99
203717,CD,Yangambi,1556936581,0.77,24.47,75.51,2.53,72,38
5572979,US,Merrill,1556936493,42.03,-121.6,68.0,13.87,22,1
286245,OM,Sur,1556936584,22.57,59.53,88.18,8.23,19,0
3220813,AT,Wanning,1556936579,48.64,13.53,45.0,2.24,100,75
2027296,RU,Aykhal,1556931600,65.95,111.51,28.4,6.71,86,90
1651103,ID,Atambua,1556936588,-9.11,124.89,85.66,2.98,67,47
623549,BY,Pinsk,1556936590,52.11,26.1,44.64,3.44,68,93
3440777,UY,Rocha,1556936591,-34.48,-54.34,56.61,2.53,98,1
2253354,SN,Dakar,1556935200,14.69,-17.45,66.2,9.17,93,75
3435910,AR,Puerto Madero,1556936470,-34.61,-58.36,68.0,9.17,77,0
3351014,AO,Camacupa,1556936596,-12.02,17.48,60.64,2.91,61,84
4167694,US,Panama City,1556936481,30.16,-85.65,75.99,10.29,83,1
3835994,AR,Santa Rosa,1556936478,-36.62,-64.29,60.21,7.49,57,67
517982,RU,Novosergiyevka,1556936605,52.08,53.65,53.47,17.83,63,85
2125711,RU,Esso,1556936607,55.93,158.7,28.27,7.09,82,100
1498920,RU,Mezhdurechensk,1556936608,53.69,88.07,53.69,0.87,31,0
5914132,CA,Campbell River,1556936196,50.02,-125.24,60.8,6.93,47,75
3107775,ES,Torrelavega,1556936603,43.35,-4.05,54.0,5.82,87,90
1174451,PK,Keti Bandar,1556936612,24.14,67.45,81.79,13.67,76,0
152042,TZ,Naberera,1556936614,-4.2,36.93,62.31,4.36,95,99
1495586,RU,Parabel,1556936615,58.71,81.5,47.93,12.75,70,78
1735902,MY,Sibu,1556931600,2.29,111.83,77.0,2.24,94,75
740430,TR,Safranbolu,1556936618,41.25,32.69,45.39,5.21,72,7
1263942,IN,Manavalakurichi,1556933400,8.13,77.3,84.2,6.93,79,75
610298,KZ,Beyneu,1556936621,45.32,55.19,66.83,12.66,34,91
2685750,SE,Ostersund,1556936129,63.18,14.64,30.99,9.17,68,40
3382160,GF,Cayenne,1556933400,4.94,-52.33,78.8,13.87,88,67
5314245,US,Show Low,1556936450,34.25,-110.03,66.99,10.29,17,40
2618795,FO,Klaksvik,1556936400,62.23,-6.59,35.6,16.11,69,96
1862555,JP,Hirado,1556936615,33.32,129.49,73.99,2.24,46,61
1213855,ID,Sibolga,1556936485,1.74,98.78,83.19,2.55,74,100
1320944,MM,Kanbe,1556933400,16.71,96.0,86.0,5.82,70,40
4791259,US,Virginia Beach,1556936595,36.85,-75.98,77.0,10.29,83,75
3372707,PT,Ribeira Grande,1556936634,38.52,-28.7,62.15,12.3,83,100
2173911,AU,Broken Hill,1556931600,-31.97,141.45,59.0,17.22,67,90
1688687,PH,San Quintin,1556936637,17.54,120.52,91.96,7.78,39,1
5810176,US,Union,1556936636,47.36,-123.1,63.0,3.36,45,90
335733,ET,Gimbi,1556936640,8.81,37.79,55.49,3.83,45,4
1850144,JP,Nishihara,1556936627,35.74,139.53,79.0,6.93,68,20
5836068,US,Rawlins,1556935800,41.79,-107.24,53.6,9.17,23,1
3423146,GL,Ilulissat,1556934600,69.22,-51.1,46.4,16.11,39,1
1274761,IN,Chandbali,1556936646,20.77,86.74,88.2,14.45,56,100
8010472,PT,Belmonte,1556936223,40.36,-7.35,43.0,4.45,89,0
1507116,RU,Dudinka,1556933400,69.41,86.18,14.0,4.47,61,0
146639,CY,Lasa,1556936172,34.92,32.53,60.8,9.17,87,0
1281256,CN,Gamba,1556936652,28.28,88.52,42.53,9.31,52,10
4036284,NU,Alofi,1556931600,-19.06,-169.92,78.8,12.75,88,90
3347853,AO,Longonjo,1556936655,-12.91,15.25,56.21,2.51,67,60
2123814,RU,Leningradskiy,1556936656,69.38,178.42,30.83,9.82,86,52
3451138,BR,Rio Grande,1556936500,-32.03,-52.1,67.48,2.48,96,0
2166368,AU,Forbes,1556935838,-33.38,148.01,68.0,1.01,50,8
2212775,LY,Sabha,1556936660,27.03,14.43,85.51,26.15,14,22
780687,NO,Berlevag,1556936662,70.86,29.09,30.22,4.34,71,71
2157698,AU,Mildura,1556936178,-34.18,142.16,62.01,11.41,67,40
2020584,RU,Magistralnyy,1556936665,56.17,107.45,42.13,10.11,40,75
5859699,US,College,1556936646,64.86,-147.8,44.6,8.05,52,90
789988,RS,Mana,1556935200,43.52,20.24,46.4,1.12,100,0
3171985,IT,Orbetello,1556936138,42.44,11.21,57.2,1.12,87,40
3698304,PE,Chimbote,1556936670,-9.08,-78.59,65.84,12.97,92,0
1337612,MV,Dhidhdhoo,1556936571,6.88,73.1,84.78,8.32,64,93
6145890,CA,Shelburne,1556936522,44.08,-80.2,51.01,3.36,100,90
1648186,ID,Bontang,1556936675,0.12,117.47,92.37,3.06,51,7
53157,SO,Qandala,1556936676,11.47,49.87,88.7,3.49,57,0
6255012,AU,Flinders,1556936646,-34.58,150.85,73.99,6.93,34,0
5467328,US,Farmington,1556936404,36.73,-108.21,64.4,9.17,15,1
2737599,PT,Saldanha,1556936681,41.42,-6.55,46.92,5.48,75,1
5554428,US,Ketchikan,1556933520,55.34,-131.65,51.8,4.7,76,90
617904,MD,Leova,1556936684,46.48,28.25,54.88,2.39,72,98
6166142,CA,Thunder Bay,1556936168,48.41,-89.26,37.4,10.29,93,90
2642384,GB,Moffat,1556936684,55.33,-3.44,37.0,10.29,92,24
140521,IR,Bijar,1556936688,35.87,47.6,54.57,3.06,51,100
1258207,IN,Pipri,1556936689,24.21,83.02,86.38,6.42,44,100
1624987,ID,Indramayu,1556936690,-4.05,103.78,86.52,3.0,55,39
556268,RU,Ostrovnoy,1556936692,68.05,39.51,29.95,13.24,95,100
2634739,GB,Warrington,1556936689,53.39,-2.59,42.01,2.24,86,75
2122614,RU,Okha,1556936647,53.59,142.95,37.4,8.43,76,41
1346493,UZ,Nuristan,1556933400,38.49,65.64,57.2,6.93,82,0
3981460,MX,Coahuayana,1556936697,18.62,-100.35,88.34,3.38,19,0
1630662,ID,Praya,1556935200,-8.71,116.27,87.8,4.7,70,40
2122090,RU,Pevek,1556936700,69.7,170.27,31.17,3.2,82,0
1488429,RU,Uray,1556936702,60.13,64.8,49.41,10.78,90,96
511002,RU,Pervomaysk,1556936703,54.87,43.81,46.98,6.53,83,0
3031871,FR,Veraval,1556936703,49.65,0.71,50.0,6.93,93,100
5587698,US,Caldwell,1556936608,43.67,-116.69,73.4,6.93,20,1
1641899,ID,Labuhan,1556936707,-2.54,115.51,92.43,3.27,45,0
3359736,ZA,Vredendal,1556936708,-31.68,18.49,60.33,21.27,78,44
2121052,RU,Sovetskaya Gavan,1556936710,48.97,140.29,60.19,6.17,43,86
1623251,ID,Trenggalek,1556936711,-8.05,111.71,83.53,6.71,63,2
1277535,IN,Balod,1556936712,20.73,81.21,90.64,8.28,42,100
1685422,PH,Sulangan,1556936713,11.14,123.72,86.13,4.7,64,65
2185329,NZ,Waipawa,1556936537,-39.94,176.59,64.0,5.01,62,0
2281120,CI,Tabou,1556936716,4.42,-7.36,76.14,2.68,95,100
2051523,RU,Bratsk,1556936588,56.15,101.63,46.0,8.95,28,0
72181,YE,Marzuq,1556936719,14.4,46.47,74.1,6.76,23,0
2013279,RU,Vostok,1556936661,46.45,135.83,71.33,9.66,24,0
2123628,RU,Magadan,1556936721,59.56,150.8,39.7,12.97,58,62
988290,MZ,Komatipoort,1556936188,-25.43,31.96,59.0,3.47,82,0
1244926,LK,Hambantota,1556932200,6.12,81.12,78.8,2.24,100,20
1490256,RU,Talnakh,1556933400,69.49,88.39,14.0,4.47,61,0
5563397,US,Eureka,1556936623,40.8,-124.16,62.01,9.17,81,1
2742416,PT,Barcelos,1556936677,41.53,-8.62,63.0,3.36,87,0
5598538,US,Lewiston,1556936662,46.42,-117.02,60.8,8.05,38,1
2101169,PG,Aitape,1556936732,-3.15,142.36,79.61,3.47,83,100
584991,AZ,Suraabad,1556933400,40.82,49.47,57.2,20.8,87,99
1505991,RU,Igarka,1556936734,67.47,86.57,25.32,8.21,90,98
4032369,TO,Pangai,1556935200,-19.8,-174.35,77.0,18.34,69,75
3429594,AR,Reconquista,1556936737,-29.14,-59.64,73.08,5.03,92,93
2278158,LR,Buchanan,1556936738,5.88,-10.05,83.39,9.51,79,100
504269,RU,Pudozh,1556936740,61.81,36.54,30.47,16.08,70,100
1082243,MG,Ambilobe,1556936741,-13.19,49.05,73.81,9.8,75,34
3671437,CO,Puerto Leguizamo,1556936743,-0.19,-74.78,71.62,1.03,98,95
1689431,PH,San Jose,1556936590,15.79,120.99,94.12,5.17,41,43
3115824,ES,Muros,1556936704,42.77,-9.06,53.01,5.82,87,0
1731047,PH,Amio,1556935200,9.36,122.94,89.6,6.93,70,40
5783695,US,Tooele,1556936719,40.53,-112.3,62.6,3.69,41,1
2312888,CD,Mbanza-Ngungu,1556936751,-5.25,14.87,72.32,1.12,96,94
3037456,FR,Saint-Joseph,1556936720,43.56,6.97,55.4,3.36,100,75
1626542,ID,Sorong,1556936754,-0.86,131.25,87.19,0.45,69,100
1056899,MG,Sambava,1556936755,-14.27,50.17,67.14,3.62,98,29
3404558,BR,Cabedelo,1556935200,-6.97,-34.84,75.2,4.7,94,40
4305504,US,Radcliff,1556936559,37.84,-85.95,69.8,3.36,82,90
5746545,US,Portland,1556936606,45.52,-122.67,68.0,8.05,42,75
2023377,RU,Ivolginsk,1556933400,51.75,107.28,39.2,4.47,51,20
1250161,LK,Batticaloa,1556936663,7.71,81.69,84.4,0.98,72,100
2026023,RU,Bukachacha,1556936763,52.99,116.91,41.11,9.53,22,83
6157956,CA,Stranraer,1556936670,51.71,-108.48,41.0,27.51,41,75
739236,TR,Sungurlu,1556936766,40.17,34.38,45.59,2.13,79,0
2404433,SL,Taua,1556935200,8.79,-12.72,80.6,10.29,83,40
3389609,BR,Pimentel,1556936769,-3.7,-45.5,72.75,2.37,96,24
261814,GR,Koutsouras,1556935900,35.03,25.95,57.0,4.63,89,3
1486910,RU,Komsomolskiy,1556936772,67.55,63.78,34.57,13.31,99,100
1252668,IN,Ziro,1556936773,27.54,93.82,54.75,1.21,97,100
5961417,CA,Gimli,1556936489,50.63,-96.99,51.01,7.0,75,100
2177756,AU,Ararat,1556936128,-37.28,142.93,55.0,8.99,71,40
1255619,IN,Srivardhan,1556936777,18.03,73.02,80.22,3.69,71,99
2026696,RU,Bikin,1556936778,46.82,134.25,76.19,7.76,23,3
501091,RU,Rovnoye,1556936780,50.78,46.06,50.52,8.81,82,8
3430443,AR,Necochea,1556936780,-38.55,-58.74,55.0,4.9,79,0
1504636,RU,Karabash,1556936783,55.49,60.21,52.27,12.19,49,100
1502063,RU,Krasnoturansk,1556935200,54.32,91.57,42.8,5.28,35,0
2014718,RU,Tynda,1556936666,55.15,124.74,36.91,10.78,32,98
5895424,CA,Bay Roberts,1556936303,47.58,-53.28,37.0,8.05,93,90
145531,AO,Saurimo,1556936788,-9.66,20.4,66.36,3.11,74,2
4465088,US,Elizabeth City,1556936542,36.3,-76.22,75.99,8.05,88,1
3650121,EC,Olinda,1556936690,-2.03,-79.75,82.4,12.75,69,75
5855051,US,Ewa Beach,1556936471,21.32,-158.01,82.4,5.82,69,75
207596,CD,Mweka,1556936794,-4.85,21.56,73.44,1.63,76,48
3669808,CO,Palmar,1556935200,6.54,-73.29,73.4,3.36,100,40
3174050,IT,Mantua,1556936468,45.16,10.79,55.0,1.12,93,20
2704613,SE,Hudiksvall,1556936508,61.73,17.1,28.0,4.97,91,100
593672,LT,Utena,1556936800,55.5,25.6,32.36,5.77,75,95
286987,OM,Nizwa,1556936801,22.93,57.53,78.44,2.24,16,0
2976007,FR,Sarlat-la-Caneda,1556936593,44.89,1.22,46.0,4.7,93,0
3141866,NO,Rindal,1556936804,63.05,9.21,29.37,6.33,96,100
5972291,CA,Havre-Saint-Pierre,1556935200,50.23,-63.6,39.2,4.7,69,90
4004738,MX,Hostotipaquillo,1556936478,21.06,-104.05,75.99,5.01,39,21
240498,CF,Bangassou,1556936808,4.74,22.82,75.96,2.44,61,14
2127515,JP,Wakkanai,1556935200,45.41,141.67,59.0,26.4,58,0
290030,QA,Doha,1556931600,25.29,51.53,80.6,3.36,54,0
5992500,CA,Kingston,1556936688,44.23,-76.48,48.2,4.7,100,90
1810846,CN,Fuyang,1556936701,30.05,119.96,82.0,6.71,27,0
152718,TZ,Mtwango,1556936815,-9.02,34.8,63.61,7.54,85,91
6182962,US,Windsor,1556936482,42.3,-83.03,51.8,9.17,81,90
1510690,RU,Bay-Khaak,1556936818,51.16,94.47,45.46,4.45,25,0
1254046,IN,Tura,1556936820,25.52,90.21,75.43,14.23,88,100
2170260,AU,Corowa,1556936753,-36.0,146.39,62.01,10.29,67,2
141736,IR,Bam,1556936823,29.11,58.36,64.87,1.66,20,0
5906757,CA,Bow Island,1556936749,49.87,-111.38,45.0,14.99,56,90
934900,ZA,Nsoko,1556936825,-27.07,31.93,60.89,3.36,51,0
2028164,RU,Deputatskiy,1556936827,69.3,139.9,24.06,7.09,88,38
962367,ZA,Richards Bay,1556936828,-28.77,32.06,76.01,18.39,78,100
3013534,FR,Hendaye,1556936704,43.37,-1.77,51.8,3.36,87,75
64814,SO,Bandarbeyla,1556936831,9.49,50.81,77.45,6.82,84,0
2136825,VU,Isangel,1556935200,-19.55,169.27,80.6,17.22,74,75
1487332,RU,Verkhnyaya Inta,1556936834,65.99,60.32,40.06,8.12,99,100
1635111,ID,Puri,1556935200,-7.54,112.45,86.0,1.12,70,20
3894426,CL,Coihaique,1556935200,-45.58,-72.07,39.2,3.36,80,0
